{"comment":" ","charmap":
{
"न": [["ना",1.0,0],["नि",1.0,0],["नी",1.0,0],["नु",1.0,0],["नू",1.0,0],["ने",1.0,0],["नै",1.0,0],["नो",1.0,0],["नौ",1.0,0],["नं",1.0,0],["न:",1.0,0],["नँ",1.0,0],["नृ",1.0,0]],
"र": [["रा",1.0,0],["रि",1.0,0],["री",1.0,0],["रु",1.0],["रू",1.0,0],["रे",1.0,0],["रै",1.0,0],["रो",1.0,0],["रौ",1.0,0],["रं",1.0,0],["र:",1.0,0],["रँ",1.0,0]],
"ि": [[ "कि",1.0,0], ["खि",1.0,0], ["गि",1.0,0], ["घि",1.0,0],["ङि",1.0,0],["चि",1.0,0],["छि",1.0,0],["जि",1.0,0],["झि",1.0,0],["ञि",1.0,0],["टि",1.0,0],["ठि",1.0,0],["डि",1.0,0],["ढि",1.0,0], ["णि",1.0,0],["ति",1.0,0],["थि",1.0,0],["दि",1.0,0],["धि",1.0,0],["नि",1.0,0],["पि",1.0,0],["फि",1.0,0],["बि",1.0,0],["भि",1.0,0],["मि",1.0,0],["यि",1.0,0],["रि",1.0,0],["लि",1.0,0],["वि",1.0,0],["शि",1.0,0],["षि",1.0,0],["सि",1.0,0],["हि",1.0,0],["क्षि",1.0,0],["त्रि",1.0,0],["ज्ञि",1.0,0]],
"स": [["सा",1.0,0],["सि",1.0,0],["सी",1.0,0],["सु",1.0,0],["सू",1.0,0],["से",1.0,0],["सै",1.0,0],["सो",1.0,0],["सौ",1.0,0],["सं",1.0,0],["स:",1.0,0],["सँ",1.0,0],["सृ",1.0,0]],
"क": [["का",1.0,0],[ "कि",1.0,0],[ "की",1.0,0],[ "कु",1.0,0],["कू",1.0,0],["के",1.0,0],["कै",1.0,0],["को",1.0,0],["कौ",1.0,0],["कं",1.0,0],["क:",1.0,0],["क्ँ",1.0,0],[ "कृ",1.0,0]],
"ल": [["ला",1.0,0],["लि",1.0,0],["ली",1.0,0],["लु",1.0,0],["लू",1.0,0],["ले",1.0,0],["लै",1.0,0],["लो",1.0,0],["लौ",1.0,0],["लं",1.0,0],["ल:",1.0,0],["लँ",1.0,0],["लृ",1.0,0]],
"छ": [["छा",1.0,0],["छि",1.0,0],["छी",1.0,0],["छु",1.0,0],["छू",1.0,0],["छे",1.0,0],["छै",1.0,0],["छो",1.0,0],["छौ",1.0,0],["छं",1.0,0],["छ:",1.0,0],["छँ",1.0,0],["छृ",1.0,0]],
"द": [["दा",1.0,0],["दि",1.0,0],["दी",1.0,0],["दु",1.0,0],["दू",1.0,0],["दे",1.0,0],["दै",1.0,0],["दो",1.0,0],["दौ",1.0,0],["दं",1.0,0],["द:",1.0,0],["दँ",1.0,0],["दृ",1.0,0]],
"म": [["मा",1.0,0],["मि",1.0,0],["मी",1.0,0],["मु",1.0,0],["मू",1.0,0],["मे",1.0,0],["मै",1.0,0],["मो",1.0,0],["मौ",1.0,0],["मं",1.0,0],["म:",1.0,0],["मँ",1.0,0],["मृ",1.0,0]],
"प": [["पा",1.0,0],["पि",1.0,0],["पी",1.0,0],["पु",1.0,0],["पू",1.0,0],["पे",1.0,0],["पै",1.0,0],["पो",1.0,0],["पौ",1.0,0],["पं",1.0,0],["प:",1.0,0],["पँ",1.0,0],["पृ",1.0,0]],
"त": [["ता",1.0,0],["ति",1.0,0],["ती",1.0,0],["तु",1.0,0],["तू",1.0,0],["ते",1.0,0],["तै",1.0,0],["तो",1.0,0],["तौ",1.0,0],["तं",1.0,0],["त:",1.0,0],["तँ",1.0,0],["तृ",1.0,0]], 
"य": [["या",1.0,0],["यि",1.0,0],["यी",1.0,0],["यु",1.0,0],["यू",1.0,0],["ये",1.0,0],["यै",1.0,0],["यो",1.0,0],["यौ",1.0,0],["यं",1.0,0],["य:",1.0,0],["यँ",1.0,0],["यृ",1.0,0]], 
"ह": [["हा",1.0,0],["हि",1.0,0],["ही",1.0,0],["हु",1.0,0],["हू",1.0,0],["हे",1.0,0],["है",1.0,0],["हो",1.0,0],["हौ",1.0,0],["हं",1.0,0],["ह:",1.0,0],["हँ",1.0,0],["हृ",1.0,0]],
"ब": [["बा",1.0,0],["बि",1.0,0],["बी",1.0,0],["बु",1.0,0],["बू",1.0,0],["बे",1.0,0],["बै",1.0,0],["बो",1.0,0],["बौ",1.0,0],["बं",1.0,0],["ब:",1.0,0],["बँ",1.0,0],["बृ",1.0,0]], 
"ग": [["गा",1.0,0],["गि",1.0,0],["गी",1.0,0],["गु",1.0,0],["गू",1.0,0],["गे",1.0,0],["गै",1.0,0],["गो",1.0,0],["गौ",1.0,0],["गं",1.0,0],["ग:",1.0,0],["गँ",1.0,0],["गृ",1.0,0]], 
"व": [["वा",1.0,0],["वि",1.0,0],["वी",1.0,0],["वु",1.0,0],["वू",1.0,0],["वे",1.0,0],["वै",1.0,0],["वो",1.0,0],["वौ",1.0,0],["वं",1.0,0],["व:",1.0,0],["वँ",1.0,0],["वृ",1.0,0]],
"थ": [["शा",1.0,0],["शि",1.0,0],["शी",1.0,0],["शु",1.0,0],["शू",1.0,0],["शे",1.0,0],["शै",1.0,0],["शो",1.0,0],["शौ",1.0,0],["शं",1.0,0],["श:",1.0,0],["शँ",1.0,0],["शृ",1.0,0]], 
"ट": [["टा",1.0,0],["टि",1.0,0],["टी",1.0,0],["टु",1.0,0],["टू",1.0,0],["टे",1.0,0],["टै",1.0,0],["टो",1.0,0],["टौ",1.0,0],["टं",1.0,0],["ट:",1.0,0],["टँ",1.0,0],["टृ",1.0,0]],
"झ": [["झा",1.0,0],["झि",1.0,0],["झी",1.0,0],["झु",1.0,0],["झू",1.0,0],["झे",1.0,0],["झै",1.0,0],["झो",1.0,0],["झौ",1.0,0],["झं",1.0,0],["झ:",1.0,0],["झँ",1.0,0],["झृ",1.0,0]],
"ज": [["जा",1.0,0],["जि",1.0,0],["जी",1.0,0],["जु",1.0,0],["जू",1.0,0],["जे",1.0,0],["जै",1.0,0],["जो",1.0,0],["जौ",1.0,0],["जं",1.0,0],["ज:",1.0,0],["जँ",1.0,0],["जृ",1.0,0]],
"च": [["चा",1.0,0],["चि",1.0,0],["ची",1.0,0],["चु",1.0,0],["चू",1.0,0],["चे",1.0,0],["चै",1.0,0],["चो",1.0,0],["चौ",1.0,0],["चं",1.0,0],["च:",1.0,0],["चँ",1.0,0],["चृ",1.0,0]], 
"भ": [["भा",1.0,0],["भि",1.0,0],["भी",1.0,0],["भु",1.0,0],["भू",1.0,0],["भे",1.0,0],["भै",1.0,0],["भो",1.0,0],["भौ",1.0,0],["भं",1.0,0],["भ:",1.0,0],["भँ",1.0,0],["भृ",1.0,0]], 
"ड": [["डा",1.0,0],["डि",1.0,0],["डी",1.0,0],["डु",1.0,0],["डू",1.0,0],["डे",1.0,0],["डै",1.0,0],["डो",1.0,0],["डौ",1.0,0],["डं",1.0,0],["ड:",1.0,0],["डँ",1.0,0],["डृ",1.0,0]],
"ख": [["खा",1.0,0],["खि",1.0,0],["खी",1.0,0],["खु",1.0,0],["खू",1.0,0],["खे",1.0,0],["खै",1.0,0],["खो",1.0,0],["खौ",1.0,0],["खं",1.0,0],["ख:",1.0,0],[ "खँ",1.0,0],["खृ",1.0,0]], 
"ध": [["धा",1.0,0],["धि",1.0,0],["धी",1.0,0],["धु",1.0,0],["धू",1.0,0],["धे",1.0,0],["धै",1.0,0],["धो",1.0,0],["धौ",1.0,0],["धं",1.0,0],["ध:",1.0,0],["धँ",1.0,0],["धृ",1.0,0]],
"श": [["शा",1.0,0],["शि",1.0,0],["शी",1.0,0],["शु",1.0,0],["शू",1.0,0],["शे",1.0,0],["शै",1.0,0],["शो",1.0,0],["शौ",1.0,0],["शं",1.0,0],["श:",1.0,0],["शँ",1.0,0],["शृ",1.0,0]], 
"ङ": [["ङा",1.0,0],["ङि",1.0,0],["ङी",1.0,0],["ङु",1.0,0],["ङू",1.0,0],["ङे",1.0,0],["ङै",1.0,0],["ङो",1.0,0],["ङौ",1.0,0],["ङं",1.0,0],["ङ:",1.0,0],["ङँ",1.0,0],["ङृ",1.0,0]], 
"फ": [["फा",1.0,0],["फि",1.0,0],["फी",1.0,0],["फु",1.0,0],["फू",1.0,0],["फे",1.0,0],["फै",1.0,0],["फो",1.0,0],["फौ",1.0,0],["फं",1.0,0],["फ:",1.0,0],["फँ",1.0,0],["फृ",1.0,0]], 
"ण": [["णा",1.0,0],["णि",1.0,0],["णी",1.0,0],["णु",1.0,0],["णू",1.0,0],["णे",1.0,0],["णै",1.0,0],["णो",1.0,0],["णौ",1.0,0],["णं",1.0,0],["ण:",1.0,0],["णँ",1.0,0],["णृ",1.0,0]],
"घ": [["घा",1.0,0],["घि",1.0,0],["घी",1.0,0],["घु",1.0,0],["घू",1.0,0],["घे",1.0,0],["घै",1.0,0],["घो",1.0,0],["घौ",1.0,0],["घं",1.0,0],["घ:",1.0,0],["घँ",1.0,0],["घृ",1.0,0]],
"ष": [["षा",1.0,0],["षि",1.0,0],["षी",1.0,0],["षु",1.0,0],["षू",1.0,0],["षे",1.0,0],["षै",1.0,0],["षो",1.0,0],["षौ",1.0,0],["षं",1.0,0],["ष:",1.0,0],["षँ",1.0,0],["षृ",1.0,0]],
"ठ": [["ठा",1.0,0],["ठि",1.0,0],["ठी",1.0,0],["ठु",1.0,0],["ठू",1.0,0],["ठे",1.0,0],["ठै",1.0,0],["ठो",1.0,0],["ठौ",1.0,0],["ठं",1.0,0],["ठ:",1.0,0],["ठँ",1.0,0],["ठृ",1.0,0]],
"ञ": [["ञा",1.0,0],["ञि",1.0,0],["ञी",1.0,0],["ञु",1.0,0],["ञू",1.0,0],["ञे",1.0,0],["ञै",1.0,0],["ञो",1.0,0],["ञौ",1.0,0],["ञं",1.0,0],["ञ:",1.0,0],["ञँ",1.0,0],["ञृ",1.0,0]],
"ढ": [["ढा",1.0,0],["ढि",1.0,0],["ढी",1.0,0],["ढु",1.0,0],["ढू",1.0,0],["ढे",1.0,0],["ढै",1.0,0],["ढो",1.0,0],["ढौ",1.0,0],["ढं",1.0,0],["ढ:",1.0,0],["ढँ",1.0,0],["ढृ",1.0,0]]
},
"name":"Nepali","variant":["ne","NP"],"version":[0,3],"local_name":"नेपाली"}
